<?xml version='1.0' encoding='utf-8'?>
<widget id="com.ipolice.bengaluru" version="2.1.0" xmlns="http://www.w3.org/ns/widgets" xmlns:cdv="http://cordova.apache.org/ns/1.0">
    <name>iPolice Bengaluru</name>
    <description>
        iPolice Bengaluru - Revolutionizing Traffic Management in Bengaluru. Report traffic violations, earn rewards, and build a safer community.
    </description>
    <author email="support@ipolice.com" href="https://ipolice.com">
        iPolice Team
    </author>
    <content src="index.html" />
    <access origin="*" />
    <allow-navigation href="*" />
    <allow-intent href="http://*/*" />
    <allow-intent href="https://*/*" />
    <allow-intent href="tel:*" />
    <allow-intent href="sms:*" />
    <allow-intent href="mailto:*" />
    <allow-intent href="geo:*" />
    
    <!-- Firebase specific navigation allowances -->
    <allow-navigation href="https://firebaseio.com/*" />
    <allow-navigation href="https://*.firebaseio.com/*" />
    <allow-navigation href="https://firebase.google.com/*" />
    <allow-navigation href="https://*.googleapis.com/*" />
    
    <!-- Platform-specific configurations -->
    <platform name="android">
        <allow-intent href="market:*" />
        <icon density="ldpi" src="www/res/icon/android/drawable-ldpi-icon.png" />
        <icon density="mdpi" src="www/res/icon/android/drawable-mdpi-icon.png" />
        <icon density="hdpi" src="www/res/icon/android/drawable-hdpi-icon.png" />
        <icon density="xhdpi" src="www/res/icon/android/drawable-xhdpi-icon.png" />
        <icon density="xxhdpi" src="www/res/icon/android/drawable-xxhdpi-icon.png" />
        <icon density="xxxhdpi" src="www/res/icon/android/drawable-xxxhdpi-icon.png" />
        <splash density="land-ldpi" src="www/res/screen/android/drawable-land-ldpi-screen.png" />
        <splash density="land-mdpi" src="www/res/screen/android/drawable-land-mdpi-screen.png" />
        <splash density="land-hdpi" src="www/res/screen/android/drawable-land-hdpi-screen.png" />
        <splash density="land-xhdpi" src="www/res/screen/android/drawable-land-xhdpi-screen.png" />
        <splash density="land-xxhdpi" src="www/res/screen/android/drawable-land-xxhdpi-screen.png" />
        <splash density="land-xxxhdpi" src="www/res/screen/android/drawable-land-xxxhdpi-screen.png" />
        <splash density="port-ldpi" src="www/res/screen/android/drawable-port-ldpi-screen.png" />
        <splash density="port-mdpi" src="www/res/screen/android/drawable-port-mdpi-screen.png" />
        <splash density="port-hdpi" src="www/res/screen/android/drawable-port-hdpi-screen.png" />
        <splash density="port-xhdpi" src="www/res/screen/android/drawable-port-xhdpi-screen.png" />
        <splash density="port-xxhdpi" src="www/res/screen/android/drawable-port-xxhdpi-screen.png" />
        <splash density="port-xxxhdpi" src="www/res/screen/android/drawable-port-xxxhdpi-screen.png" />
    </platform>
    
    <!-- Permissions -->
    <uses-permission android:name="android.permission.CAMERA" />
    <uses-permission android:name="android.permission.WRITE_EXTERNAL_STORAGE" />
    <uses-permission android:name="android.permission.READ_EXTERNAL_STORAGE" />
    <uses-permission android:name="android.permission.ACCESS_FINE_LOCATION" />
    <uses-permission android:name="android.permission.ACCESS_COARSE_LOCATION" />
    <uses-permission android:name="android.permission.INTERNET" />
    <uses-permission android:name="android.permission.ACCESS_NETWORK_STATE" />
    <uses-permission android:name="android.permission.VIBRATE" />
    
    <!-- Plugin configurations -->
    <plugin name="cordova-plugin-whitelist" spec="1" />
    <plugin name="cordova-plugin-camera" spec="^7.0.0">
        <variable name="ANDROID_SUPPORT_V4_VERSION" value="27.+" />
        <variable name="CAMERA_USAGE_DESCRIPTION" value="This app needs access to camera to capture violation evidence." />
        <variable name="PHOTOLIBRARY_USAGE_DESCRIPTION" value="This app needs access to photo library to select violation evidence." />
    </plugin>
    <plugin name="cordova-plugin-file" spec="^8.0.0" />
    <plugin name="cordova-plugin-geolocation" spec="^5.0.0">
        <variable name="GEOLOCATION_USAGE_DESCRIPTION" value="This app needs access to location to tag reports accurately." />
    </plugin>
    <plugin name="cordova-plugin-device" spec="^3.0.0" />
    <plugin name="cordova-plugin-splashscreen" spec="^6.0.0" />
    <plugin name="cordova-plugin-statusbar" spec="^4.0.0" />
    <plugin name="cordova-plugin-network-information" spec="^3.0.0" />
    <plugin name="cordova-plugin-vibration" spec="^4.0.0" />
    
    <!-- Preferences -->
    <preference name="DisallowOverscroll" value="true" />
    <preference name="android-minSdkVersion" value="22" />
    <preference name="android-targetSdkVersion" value="33" />
    <preference name="BackupWebStorage" value="none" />
    <preference name="SplashMaintainAspectRatio" value="true" />
    <preference name="FadeSplashScreenDuration" value="300" />
    <preference name="SplashShowOnlyFirstTime" value="false" />
    <preference name="SplashScreen" value="screen" />
    
    <!-- Network and security preferences for Firebase -->
    <preference name="scheme" value="https" />
    <preference name="hostname" value="*" />
    <preference name="AndroidInsecureFileModeEnabled" value="true" />
    <preference name="AndroidXEnabled" value="true" />
    
    <!-- Camera preferences -->
    <preference name="CameraUsesGeolocation" value="true" />
    <preference name="SplashScreenDelay" value="3000" />
    <preference name="StatusBarOverlaysWebView" value="false" />
    <preference name="StatusBarBackgroundColor" value="#000000" />
    <preference name="StatusBarStyle" value="lightcontent" />
</widget>